experiment_id;sample;sequence;sent_at_ms;rtt_ms;srtt_ms;status
delay_50;1;1;0.021;77.332;77.332;received
delay_50;2;2;288.152;62.345;75.459;received
delay_50;3;3;551.416;61.914;73.766;received
delay_50;4;4;815.144;63.011;72.421;received
delay_50;5;5;1081.190;61.628;71.072;received
delay_50;6;6;1346.404;63.135;70.080;received
delay_50;7;7;1611.712;62.963;69.190;received
delay_50;8;8;1878.253;63.967;68.537;received
delay_50;9;9;2145.149;63.168;67.866;received
delay_50;10;10;2409.863;62.836;67.237;received
delay_50;11;11;2675.620;63.253;66.739;received
delay_50;12;12;2941.793;61.909;66.136;received
delay_50;13;13;3206.946;63.131;65.760;received
delay_50;14;14;3472.521;62.258;65.322;received
delay_50;15;15;3735.393;62.653;64.989;received
delay_50;16;16;4002.804;61.700;64.578;received
delay_50;17;17;4265.984;63.497;64.442;received
delay_50;18;18;4530.984;62.879;64.247;received
delay_50;19;19;4798.351;61.654;63.923;received
delay_50;20;20;5063.257;62.580;63.755;received
delay_50;21;21;5328.882;62.509;63.599;received
delay_50;22;22;5593.495;63.106;63.538;received
delay_50;23;23;5861.577;61.136;63.237;received
delay_50;24;24;6122.924;63.359;63.253;received
delay_50;25;25;6388.791;62.610;63.172;received
delay_50;26;26;6655.450;62.681;63.111;received
delay_50;27;27;6920.224;63.316;63.137;received
delay_50;28;28;7184.868;63.039;63.124;received
delay_50;29;29;7448.337;62.429;63.037;received
delay_50;30;30;7712.198;63.500;63.095;received
delay_50;31;31;7979.219;62.967;63.079;received
delay_50;32;32;8245.028;62.438;62.999;received
delay_50;33;33;8509.638;62.476;62.934;received
delay_50;34;34;8774.352;63.166;62.963;received
delay_50;35;35;9041.553;60.908;62.706;received
delay_50;36;36;9306.528;62.146;62.636;received
delay_50;37;37;9569.068;62.698;62.644;received
delay_50;38;38;9835.077;63.159;62.708;received
delay_50;39;39;10113.064;62.068;62.628;received
delay_50;40;40;10377.973;63.321;62.715;received
delay_50;41;41;10645.826;61.998;62.625;received
delay_50;42;42;10910.611;61.322;62.462;received
delay_50;43;43;11187.268;62.499;62.467;received
delay_50;44;44;11450.258;61.968;62.404;received
delay_50;45;45;11714.165;62.376;62.401;received
delay_50;46;46;11978.553;62.176;62.373;received
delay_50;47;47;12242.179;60.726;62.167;received
delay_50;48;48;12505.304;63.764;62.367;received
delay_50;49;49;12770.612;62.439;62.376;received
delay_50;50;50;13035.224;62.293;62.365;received
